CommitHash,Author,Date,FilesChanged,Insertions,Deletions,Message
dbf3c6a,MadhavArora1213,2026-01-23,5,54,7,"correct"
9e4c7a7,MadhavArora1213,2026-01-22,5,129,46,"update skeleton loading"
0040542,MadhavArora1213,2026-01-22,1,4,2,"blog"
9a3a4af,MadhavArora1213,2026-01-22,4,12,20,"correct code"
90d39a6,MadhavArora1213,2026-01-22,9,421,561,"correct"
a6c0ba5,MadhavArora1213,2026-01-22,3,22,12,"feat: Add career listing and detail pages with filtering, sorting, and translation capabilities."
5d67bd4,MadhavArora1213,2026-01-22,7,31,11,"correct"
ed9e1f2,MadhavArora1213,2026-01-22,10,651,117,"correct"
59d5fbe,MadhavArora1213,2026-01-22,3,15,4,"correcyt"
81d9434,MadhavArora1213,2026-01-22,5,163,29,"feat: Add text translation functionality with Node.js API, Python backend using `deep-translator`, and Redis caching."
e317243,MadhavArora1213,2026-01-22,1,304,303,"feat: Add BlogDetailPage component for displaying individual blog posts with content, metadata, related articles, and translation support."
7a40973,MadhavArora1213,2026-01-22,10,692,364,"feat: Add blog and career detail/listing pages with internationalization support."
6a861d0,MadhavArora1213,2026-01-22,9,538,181,"feat: Implement internationalization with new locale files and introduce Event Enquiry, Brands & People, and Press Guidelines pages."
c5f5cb3,MadhavArora1213,2026-01-22,10,1049,454,"feat: Add new About Us, CSR, Contact Us, and Services Overview pages with initial internationalization support for multiple languages."
f688bd1,MadhavArora1213,2026-01-22,5,150,150,"feat: Add Chinese, Arabic, French, Hindi, and Russian language translations."
9275f94,MadhavArora1213,2026-01-22,9,798,380,"feat: Add new pages for Reselling Agreement, Data Protection, and Trademark Policy, and implement internationalization with multiple language files."
6430988,MadhavArora1213,2026-01-21,8,732,167,"updated"
0a3d75f,MadhavArora1213,2026-01-21,8,346,56,"update privacy and cookie policy"
de3695b,MadhavArora1213,2026-01-21,6,35,18,"update"
0fb0d1c,MadhavArora1213,2026-01-21,6,74,71,"update json files"
114a34c,MadhavArora1213,2026-01-21,5,31,31,"correcr"
9535bc1,MadhavArora1213,2026-01-21,6,21,21,"feat: Add new localization files for Hindi, Russian, Chinese, Arabic, English, and French."
febf85a,MadhavArora1213,2026-01-21,5,25,0,"feat: Add French, Hindi, Russian, Chinese, and Arabic locale files."
80b2cc4,MadhavArora1213,2026-01-21,24,1635,366,"feat: Add new pages and common components for Awards, Events, Cookies, and other sections, along with multi-language support."
d1de8b8,MadhavArora1213,2026-01-21,1,1,0,"feat: Implement i18n LanguageContext and Provider for managing translations, language switching, and text substitution."
e144547,MadhavArora1213,2026-01-21,2,14,8,"feat: Implement internationalization with a new language context and add a new FAQ page utilizing the translation functionality."
e8b7c70,MadhavArora1213,2026-01-21,10,571,201,"feat: add footer, FAQ page, feature slider, and ticker components with expanded internationalization support."
40b6792,MadhavArora1213,2026-01-21,1,39,4,"feat: add UserHeader component with navigation, authentication links, social media, contact information, and language selection."
1f01c0a,MadhavArora1213,2026-01-21,8,517,145,"feat: Add internationalization support with new language files and introduce `FeatureSlider` and `UserHeader` components."
1d3cc74,MadhavArora1213,2026-01-21,1,82,26,"feat: add UserHeader component with navigation, authentication, language switching, and social media links."
267358b,MadhavArora1213,2026-01-21,11,896,80,"feat: Implement internationalization with new language context, translation hook, locale files, and a new TopHeader component."
305b8d8,MadhavArora1213,2026-01-21,1,17,17,"feat: Add `FeatureSlider` component to display dynamic features with translation support and navigation."
f7e1521,MadhavArora1213,2026-01-21,1,17,17,"feat: Add a new `FeatureSlider` component to dynamically showcase product features with i18n support and auto-play functionality."
b75bf7f,MadhavArora1213,2026-01-21,10,46,22,"feat: Introduce new simplified common components for various content categories and a top header."
602c06a,MadhavArora1213,2026-01-21,3,34,64,"feat: add common Icon, TopHeader, and UserHeader components."
4b8a203,MadhavArora1213,2026-01-21,3,35,33,"feat: implement common Icon component and TopHeader and UserHeader UI."
6c384e5,MadhavArora1213,2026-01-17,1,85,59,"update csr"
8e4f866,MadhavArora1213,2026-01-17,1,1,0,"feat: add How It Works page to explain platform usage with steps and FAQs."
41141df,MadhavArora1213,2026-01-17,1,9,7,"feat: implement How It Works page detailing platform usage with steps and FAQs."
b332bbe,MadhavArora1213,2026-01-17,1,1,1,"feat: add UserFooter component for site navigation, legal links, and social media integration."
2a47fa7,MadhavArora1213,2026-01-17,1,84,198,"feat: Add How It Works page detailing platform steps and common questions."
2b0b38f,MadhavArora1213,2026-01-17,1,158,211,"feat: add How It Works page detailing platform steps, benefits, and frequently asked questions."
264b588,MadhavArora1213,2026-01-17,1,3,23,"feat: Add ServicesOverview page component with service details, features, and a "why choose us" section."
9dd442b,MadhavArora1213,2026-01-17,1,63,42,"feat: create ServicesOverview page to showcase services, benefits, and a call to action."
5b30375,MadhavArora1213,2026-01-17,1,86,132,"feat: Add Services Overview page displaying service categories, statistics, and calls to action."
49e23b1,MadhavArora1213,2026-01-17,1,77,102,"feat: add new `ServicesOverview` page component to display platform services and features."
75e3bc5,MadhavArora1213,2026-01-17,1,116,142,"correct"
102e9ea,MadhavArora1213,2026-01-17,1,175,220,"uppdated"
111fccc,MadhavArora1213,2026-01-17,1,1,1,"correct about us"
18c9955,MadhavArora1213,2026-01-17,1,74,53,"about us"
d9755d0,MadhavArora1213,2026-01-17,1,74,78,"feat: add new About Us page component with company vision, values, and details"
1a3e4fd,MadhavArora1213,2026-01-17,1,80,91,"updated"
0260492,MadhavArora1213,2026-01-17,1,110,85,"correct"
63a8f89,MadhavArora1213,2026-01-17,1,103,329,"update about us"
d436c7b,MadhavArora1213,2026-01-17,1,1,1,"correct"
e67cd7b,MadhavArora1213,2026-01-17,1,0,6,"update reselling"
6284fc4,MadhavArora1213,2026-01-17,1,109,111,"feat: add Reselling Agreement page detailing partnership terms and conditions."
8d00cec,MadhavArora1213,2026-01-17,1,144,23,"resellingbaggreementr update"
23b7f51,MadhavArora1213,2026-01-17,1,3,3,"correct"
2378eaf,MadhavArora1213,2026-01-17,1,3,3,"corect"
bcc54c4,MadhavArora1213,2026-01-17,1,142,33,"data policy"
9e96f2d,MadhavArora1213,2026-01-17,1,4,3,"correct"
d0984b1,MadhavArora1213,2026-01-17,1,9,3,"feat: Add a new page for displaying the Trademark Policy."
7178379,MadhavArora1213,2026-01-17,1,160,19,"update trademark policy"
95378d9,MadhavArora1213,2026-01-17,1,1,1,"correct"
967fb8e,MadhavArora1213,2026-01-17,1,73,75,"correct"
7e29ed3,MadhavArora1213,2026-01-17,1,126,29,"update terms and conditions"
3d599b8,MadhavArora1213,2026-01-17,1,181,93,"update ui"
7d1f4e5,MadhavArora1213,2026-01-17,1,81,99,"correct"
29d3f89,MadhavArora1213,2026-01-16,1,96,143,"update"
5374b1b,MadhavArora1213,2026-01-16,1,182,34,"refend policy"
c852009,MadhavArora1213,2026-01-16,1,163,130,"correct"
d52574c,MadhavArora1213,2026-01-16,1,160,28,"correct"
dee8bff,MadhavArora1213,2026-01-16,1,3,1,"correct"
e4ac301,MadhavArora1213,2026-01-16,1,12,12,"updated"
d57c960,MadhavArora1213,2026-01-16,1,45,40,"updated"
92b9733,MadhavArora1213,2026-01-16,2,206,215,"udpated teh ui"
63789f6,MadhavArora1213,2026-01-16,1,236,21,"correct"
401c65e,MadhavArora1213,2026-01-16,10,531,2054,"footer pages updated"
1d792bc,MadhavArora1213,2026-01-16,1,19,505,"user footer updated"
c64b329,MadhavArora1213,2026-01-16,1,5,5,"correct"
b9ec563,MadhavArora1213,2026-01-16,1,6,6,"correct"
aa98cab,MadhavArora1213,2026-01-15,1,38,38,"updated"
95008c7,MadhavArora1213,2026-01-15,1,1,1,"correct"
1cd8729,MadhavArora1213,2026-01-15,4,22,24,"correct"
187771a,MadhavArora1213,2026-01-15,2,6,6,"correct"
f1a4189,MadhavArora1213,2026-01-15,2,12,12,"update ui"
35d55fe,MadhavArora1213,2026-01-15,4,348,189,"correct"
3f05635,MadhavArora1213,2026-01-15,3,147,133,"correct paparazzi error"
37968e2,MadhavArora1213,2026-01-15,6,1367,26,"updsated"
8055ded,MadhavArora1213,2026-01-15,1,38,24,"correct"
4def6e0,MadhavArora1213,2026-01-15,1,40,26,"correct"
f519342,MadhavArora1213,2026-01-15,2,8,5,"feat: Implement podcaster management functionality and add a common Icon component."
8f29d4a,MadhavArora1213,2026-01-15,4,611,14,"correct"
ff48e8e,MadhavArora1213,2026-01-15,1,0,36,"orrect"
649ea00,MadhavArora1213,2026-01-15,1,73,46,"correct"
48955f3,MadhavArora1213,2026-01-15,1,0,120,"correct"
4861457,MadhavArora1213,2026-01-15,4,467,13,"updated"
50d2d1f,MadhavArora1213,2026-01-15,1,7,0,"correct"
7e95834,MadhavArora1213,2026-01-15,1,105,0,"updated"
cac8469,MadhavArora1213,2026-01-15,2,254,155,"updated"
114c647,MadhavArora1213,2026-01-15,1,1,7,"correct"
1207dca,MadhavArora1213,2026-01-15,3,213,0,"updated"
134daa1,MadhavArora1213,2026-01-15,1,2,12,"feat: Add admin sidebar component with navigation, user information, and dropdown menus."
ad711f7,MadhavArora1213,2026-01-15,2,7,5,"solve 500 error"
8b33ee3,MadhavArora1213,2026-01-15,2,21,3,"correct"
7904e2d,MadhavArora1213,2026-01-15,4,524,15,"feat: Implement full CRUD functionality for radio stations in the admin panel, including image uploads and dedicated API endpoints."
8a8ef45,MadhavArora1213,2026-01-15,1,1,1,"corret"
f716f95,MadhavArora1213,2026-01-15,1,75,0,"correct"
28999b5,MadhavArora1213,2026-01-15,2,29,156,"fnal check"
c45736b,MadhavArora1213,2026-01-15,3,120,12,"updated"
e12eeb2,MadhavArora1213,2026-01-15,3,25,6,"correct"
4d20e03,MadhavArora1213,2026-01-14,1,2,1,"correct bulk operation"
fb1e79e,MadhavArora1213,2026-01-14,2,32,12,"correct"
1f0fab0,MadhavArora1213,2026-01-14,6,510,22,"code correct"
fe75286,MadhavArora1213,2026-01-14,1,1,1,"updated"
ff8ed60,MadhavArora1213,2026-01-14,2,8,3,"updated"
4e387e4,MadhavArora1213,2026-01-14,1,14,2,"corrected"
10326d7,MadhavArora1213,2026-01-14,1,7,2,"correct"
c1dec1a,MadhavArora1213,2026-01-14,1,5,10,"correct"
e90a0b4,MadhavArora1213,2026-01-14,1,57,14,"updated"
b57d75d,MadhavArora1213,2026-01-14,2,56,57,"solve error"
dda407c,MadhavArora1213,2026-01-14,10,401,317,"update the code"
5cb4336,MadhavArora1213,2026-01-14,14,623,37,"updated the code"
5a79815,MadhavArora1213,2026-01-14,3,334,7,"update code"
9515f02,MadhavArora1213,2026-01-14,3,439,1,"updated press pack"
ac7e539,MadhavArora1213,2026-01-14,1,8,8,"updated"
ce1d91c,MadhavArora1213,2026-01-14,1,6,4,"solve error"
cc1d802,MadhavArora1213,2026-01-14,1,6,6,"updateded"
fcdfcf8,MadhavArora1213,2026-01-14,1,12,5,"correct"
1653a09,MadhavArora1213,2026-01-14,1,4,4,"correft"
2112abb,MadhavArora1213,2026-01-14,4,572,7,"correct"
11ce805,MadhavArora1213,2026-01-14,1,3,7,"correct the reporters"
8c5386a,MadhavArora1213,2026-01-14,3,314,226,"add download csv in user management"
f39a218,MadhavArora1213,2026-01-14,1,156,0,"correct"
4a7a5b0,MadhavArora1213,2026-01-14,1,1,1,"correft"
84ed895,MadhavArora1213,2026-01-14,1,18,0,"updated"
4f9c13c,MadhavArora1213,2026-01-14,1,67,7,"udpated"
9e190ef,MadhavArora1213,2026-01-14,1,78,0,"correct"
5e35aae,MadhavArora1213,2026-01-14,1,27,0,"correct error"
6612371,MadhavArora1213,2026-01-14,3,395,77,"update theme"
923bf04,MadhavArora1213,2026-01-14,3,34,20,"correct bulk operations code in this"
2bafde5,MadhavArora1213,2026-01-14,3,154,12,"website updated"
59f7856,MadhavArora1213,2026-01-14,3,437,16,"correct the group managament"
32f2e6e,MadhavArora1213,2026-01-14,3,444,7,"correct"
2c46678,MadhavArora1213,2026-01-14,1,0,1,"correct"
0ed7016,MadhavArora1213,2026-01-14,3,457,37,"correct this"
260b0fe,MadhavArora1213,2026-01-14,3,101,0,"event enquiry updated"
d02ebe5,MadhavArora1213,2026-01-14,2,507,395,"correct this code"
4ec5eea,MadhavArora1213,2026-01-14,3,630,222,"correct this"
abc9bb9,MadhavArora1213,2026-01-14,1,5,3,"corrreect"
fc28927,MadhavArora1213,2026-01-14,3,398,13,"correct"
e981ca9,MadhavArora1213,2026-01-14,3,235,0,"correct code"
f6f026b,MadhavArora1213,2026-01-14,1,0,39,"correct"
5705858,MadhavArora1213,2026-01-14,1,7,0,"correct"
e727dc1,MadhavArora1213,2026-01-14,3,307,42,"correct"
6d9e282,MadhavArora1213,2026-01-14,1,1,7,"correct"
87e02e4,MadhavArora1213,2026-01-14,3,169,0,"correct"
2aecb7c,MadhavArora1213,2026-01-14,1,6,6,"correct"
5e30a72,MadhavArora1213,2026-01-14,2,14,1,"correct"
633d0b8,MadhavArora1213,2026-01-14,6,584,273,"correct"
8b536be,MadhavArora1213,2026-01-14,3,275,14,"correct this"
74c4183,MadhavArora1213,2026-01-14,1,133,10,"correct"
955bef3,MadhavArora1213,2026-01-14,3,226,0,"correct"
52889df,MadhavArora1213,2026-01-14,1,2,2,"correct"
9687ffb,MadhavArora1213,2026-01-14,1,24,27,"correct"
33a6f8b,MadhavArora1213,2026-01-14,3,246,11,"correct"
bff7030,MadhavArora1213,2026-01-14,3,217,7,"orrect"
06d1143,MadhavArora1213,2026-01-14,2,397,400,"correct"
3d97a35,MadhavArora1213,2026-01-14,1,23,0,"correct"
e5499d0,MadhavArora1213,2026-01-14,6,521,32,"correct"
84f8d6c,MadhavArora1213,2026-01-13,1,2,2,"https://vaas.solutions/admin/real-estate-orders"
040c2ab,MadhavArora1213,2026-01-13,1,408,234,"correct"
ae80fd6,MadhavArora1213,2026-01-13,9,818,218,"update search"
8366f08,MadhavArora1213,2026-01-13,3,256,60,"paparazzi"
e2ad722,MadhavArora1213,2026-01-13,3,282,73,"update event cration"
7fabb10,MadhavArora1213,2026-01-13,3,241,55,"update awards creation"
c33c596,MadhavArora1213,2026-01-13,1,5,5,"correct"
cb20e8e,MadhavArora1213,2026-01-13,5,74,0,"correct"
9679f3f,MadhavArora1213,2026-01-13,3,496,201,"correct"
25c0d0a,MadhavArora1213,2026-01-13,2,78,26,"correct"
177521f,MadhavArora1213,2026-01-13,1,16,81,"correct"
b6087f1,MadhavArora1213,2026-01-13,2,12,0,"corret"
9041565,MadhavArora1213,2026-01-13,3,275,0,"correct"
da3fa9a,MadhavArora1213,2026-01-12,1,1,1,"correct"
462be1a,MadhavArora1213,2026-01-12,1,343,248,"updated eventspages"
1be5f1f,MadhavArora1213,2026-01-12,2,27,1,"updated"
f69667a,MadhavArora1213,2026-01-12,2,3,417,"update header"
2ee875b,MadhavArora1213,2026-01-12,1,8,111,"correct app.jsx"
e3b4268,MadhavArora1213,2026-01-08,2,145,18,"correct"
1508ede,MadhavArora1213,2025-12-24,4,30,32,"feat: introduce real estate professional listing and detail pages with contact and order forms, and common UI components."
abbcaa4,MadhavArora1213,2025-12-24,2,24,4,"feat: add Icon and FeatureSlider common components."
1538577,MadhavArora1213,2025-12-24,1,4,4,"feat: add `FeatureSlider` component to showcase various business features with internationalization and auto-play functionality."
c4f7380,MadhavArora1213,2025-12-24,1,55,4,"feat: add `FeatureSlider` component for dynamic, auto-sliding display of services including new marketplace and influencer network features."
fbdf39e,MadhavArora1213,2025-12-24,1,34,3,"feat: initialize core frontend application structure with routing, context, and page components."
3844d40,MadhavArora1213,2025-12-24,1,6,2,"feat: Initialize frontend application with core routing, authentication, and all major page and admin components."
ee246ca,MadhavArora1213,2025-12-24,1,200,27,"feat: Initialize the main React application structure, routing, and authentication with context providers and protected routes."
db2e993,MadhavArora1213,2025-12-24,3,40,31,"feat: add UserHeader, AuthModal, and TopHeader components for site navigation and authentication."
758be17,MadhavArora1213,2025-12-08,3,3,3,"coorect"
8e7e7e5,MadhavArora1213,2025-12-08,8,19,24,"correct"
f97e867,MadhavArora1213,2025-12-08,5,48,46,"correct"
5cb0645,MadhavArora1213,2025-12-08,3,10,13,"correct"
f911edc,MadhavArora1213,2025-12-08,1,1,1,"correct"
a765d53,MadhavArora1213,2025-12-08,9,1345,6,"correct"
c1c75d3,MadhavArora1213,2025-12-07,1,1,1,"correcr"
9a4fdaa,MadhavArora1213,2025-12-07,2,37,251,"correct"
d364c5b,MadhavArora1213,2025-12-07,1,1,1,"correct"
e657057,MadhavArora1213,2025-12-07,1,3,2,"correct"
0673ecf,MadhavArora1213,2025-12-07,1,1,1,"correct"
0306375,MadhavArora1213,2025-12-07,1,1,1,"correct"
2376df8,MadhavArora1213,2025-12-07,1,6,6,"correct"
f3b022a,MadhavArora1213,2025-12-07,1,1,65,"correct"
035290f,MadhavArora1213,2025-12-07,5,570,51,"correct"
394440d,MadhavArora1213,2025-12-07,2,7,7,"correcet"
f830df6,MadhavArora1213,2025-12-07,1,276,0,"correct userheader"
6c11e00,MadhavArora1213,2025-12-07,2,31,30,"correct"
b4f98cb,MadhavArora1213,2025-12-07,2,36,5,"correct"
e47ab23,MadhavArora1213,2025-12-07,1,38,0,"gfd"
07a0821,MadhavArora1213,2025-12-07,1,37,3,"correct"
b3ec124,MadhavArora1213,2025-12-07,9,99,9,"correct"
5309ccc,MadhavArora1213,2025-12-07,1,3,3,"fdgh"
c07b35a,MadhavArora1213,2025-12-07,9,108,108,"correct"
8125ee5,MadhavArora1213,2025-12-07,1,2,2,"correct"
2158edf,MadhavArora1213,2025-12-07,1,1,1,"correct"
7bf7946,MadhavArora1213,2025-12-07,3,22,27,"correct"
3872005,MadhavArora1213,2025-12-07,2,6,9,"correct"
8be992f,MadhavArora1213,2025-12-07,2,3,0,"correct"
bb6c349,MadhavArora1213,2025-12-07,2,6,6,"correct"
66afd7f,MadhavArora1213,2025-12-07,1,23,19,"correct"
8c148a0,MadhavArora1213,2025-12-07,1,3,3,"correct"
ab48f81,MadhavArora1213,2025-12-07,1,41,19,"correct"
d6eeffe,MadhavArora1213,2025-12-07,2,6,6,"correct"
b5c0c38,MadhavArora1213,2025-12-07,1,92,0,"correct"
93dc751,MadhavArora1213,2025-12-07,1,6,6,"cvbn"
96afc78,MadhavArora1213,2025-12-07,2,63,7,"update"
fa53356,MadhavArora1213,2025-12-07,1,22,2,"rtfyj"
137b92a,MadhavArora1213,2025-12-07,1,2,2," h"
222bfee,MadhavArora1213,2025-12-07,1,3,3,"correct"
5173e0c,MadhavArora1213,2025-12-07,1,9,8,"correct"
3627fa8,MadhavArora1213,2025-12-07,1,38,85,"correct"
3785818,MadhavArora1213,2025-12-07,1,4,4,"correct"
f85c667,MadhavArora1213,2025-12-07,1,27,9,"correct"
f3d5d59,MadhavArora1213,2025-12-07,1,26,27,"xfcb"
658d52b,MadhavArora1213,2025-12-07,3,63,62,"correc"
617b749,MadhavArora1213,2025-12-07,1,28,11,"correct"
ee8a060,MadhavArora1213,2025-12-07,1,1,1,"update"
0de8c7f,MadhavArora1213,2025-12-07,1,12,4,"fgdhj"
b5c2980,MadhavArora1213,2025-12-07,3,17,2,"vbnmn"
9b7e265,MadhavArora1213,2025-12-07,1,20,8,"fgh"
606b7df,MadhavArora1213,2025-12-07,1,19,7,"fgvbhjnm"
64d18ba,MadhavArora1213,2025-12-07,2,2,3,"correct"
52f62fd,MadhavArora1213,2025-12-07,1,9,15,"correciu"
2e036b2,MadhavArora1213,2025-12-07,1,54,81,"updated"
22e503f,MadhavArora1213,2025-12-07,1,15,7,"dfxgchj"
b118a1b,MadhavArora1213,2025-12-07,1,2,7,"correct"
186aea5,MadhavArora1213,2025-12-07,2,25,19,"fghjkl"
35c29bf,MadhavArora1213,2025-12-07,2,27,10,"correct"
eb0bd18,MadhavArora1213,2025-12-07,2,41,7,"correct"
f5478b5,MadhavArora1213,2025-12-07,2,21,12,"correcrt"
68f7da5,MadhavArora1213,2025-12-07,1,1,3,"correct"
478b174,MadhavArora1213,2025-12-07,3,31,0,"correct"
78fb193,MadhavArora1213,2025-12-07,2,2,0,"corrcet"
ee10678,MadhavArora1213,2025-12-07,2,4,1,"cprrect"
a443092,MadhavArora1213,2025-12-07,2,4,19,"correct"
0bce074,MadhavArora1213,2025-12-07,2,6,38,"ok"
cb1cea9,MadhavArora1213,2025-12-07,2,8,12,"correct"
7b3cdd7,MadhavArora1213,2025-12-07,2,5,7,"correct"
542d1f2,MadhavArora1213,2025-12-07,1,2,2,"correct"
0254e74,MadhavArora1213,2025-12-07,2,43,20,"correct"
39155bc,MadhavArora1213,2025-12-07,2,10,5,"correct"
9a0fd9e,MadhavArora1213,2025-12-07,3,58,9,"correct"
36b54f5,MadhavArora1213,2025-12-07,1,92,46,"correct"
2246b02,MadhavArora1213,2025-12-07,4,527,277,"correct"
01ed536,MadhavArora1213,2025-12-07,3,176,91,"correct"
4888142,MadhavArora1213,2025-12-07,1,5,1,"csdfghj"
bee4798,MadhavArora1213,2025-12-07,1,3,0,"correct"
cf62c24,MadhavArora1213,2025-12-07,1,16,2,"correct"
3efc71d,MadhavArora1213,2025-12-06,1,9,2,"correct"
99e71f9,MadhavArora1213,2025-12-06,1,72,5,"correct"
70aa710,MadhavArora1213,2025-12-06,1,64,4,"correct"
11c2496,MadhavArora1213,2025-12-06,1,29,30,"correct"
35f56d7,MadhavArora1213,2025-12-06,1,4,4,"fg"
1d63325,MadhavArora1213,2025-12-06,1,9,9,"correct"
bd9c484,MadhavArora1213,2025-12-06,2,27,13,"add logs"
6fcecd3,MadhavArora1213,2025-12-06,1,6,7,"updated"
7fdf341,MadhavArora1213,2025-12-06,3,42,9,"updated"
6f0a0d6,MadhavArora1213,2025-12-06,1,46,20," chugyfd"
a107afc,MadhavArora1213,2025-12-06,4,101,17,"corec"
b4164b1,MadhavArora1213,2025-12-06,4,2185,28,"corect"
5860aec,MadhavArora1213,2025-12-06,15,3757,180,"correct"
2c122cc,MadhavArora1213,2025-12-06,1,1,1,"corect"
8cb7bd0,MadhavArora1213,2025-12-06,1,1,1,"correcf"
76bc8ed,MadhavArora1213,2025-12-06,1,2,2,"correct"
3542799,MadhavArora1213,2025-12-06,2,30,21,"correct"
6bc60e0,MadhavArora1213,2025-12-06,1,1,1,"fdgh"
8ac67e3,MadhavArora1213,2025-12-06,1,4,4,"correct"
e6e4a82,MadhavArora1213,2025-12-06,1,4,4,"correct"
fa8822e,MadhavArora1213,2025-12-06,1,11,0,"corect"
47d4dea,MadhavArora1213,2025-12-06,1,2,2,"update"
b6fac75,MadhavArora1213,2025-12-06,1,15,81,"uptate"
6b37a79,MadhavArora1213,2025-12-06,1,18,5,"correct"
f47fad2,MadhavArora1213,2025-12-06,1,1,0,"update"
e4019db,MadhavArora1213,2025-12-06,1,31,1,"correct"
3cbaec9,MadhavArora1213,2025-12-06,3,97,138,"sdfgh"
f0bb193,MadhavArora1213,2025-12-06,2,7,16,"t"
292b769,MadhavArora1213,2025-12-06,1,16,9,"correct"
1189ed9,MadhavArora1213,2025-12-06,3,382,25,"correct"
e0950b2,MadhavArora1213,2025-12-06,3,9,10,"correct"
6c2b774,MadhavArora1213,2025-12-06,1,1,1,"correct"
69036af,MadhavArora1213,2025-12-06,9,2231,31,"updated"
184ac6a,MadhavArora1213,2025-12-06,2,58,49,"updated"
436122a,MadhavArora1213,2025-12-06,1,1,2,"correct"
4330a85,MadhavArora1213,2025-12-06,1,6,3,"restate"
c055877,MadhavArora1213,2025-12-06,1,45,3,"correct"
7720f94,MadhavArora1213,2025-12-06,1,9,1,"correct"
dcb86d4,MadhavArora1213,2025-12-06,1,12,12,"correct"
dbec361,MadhavArora1213,2025-12-06,3,52,2,"corect"
a69578c,MadhavArora1213,2025-12-06,2,58,90,"more  correction"
47536c2,MadhavArora1213,2025-12-06,4,210,11,"correct"
1a12b22,MadhavArora1213,2025-12-06,1,108,2,"update"
1f0b8f7,MadhavArora1213,2025-12-06,1,5,4,"updated"
3344e22,MadhavArora1213,2025-12-06,1,3,3,"correct"
087638c,MadhavArora1213,2025-12-06,1,3,0,"correct"
2d3197b,MadhavArora1213,2025-12-06,1,73,64,"dwfgh"
c9f9acc,MadhavArora1213,2025-12-06,1,9,0,"correct"
d0472cd,MadhavArora1213,2025-12-06,1,0,1,"correct"
d305757,MadhavArora1213,2025-12-06,1,0,4,"correct"
94c00c2,MadhavArora1213,2025-12-06,19,7686,1277,"updated"
158a3de,MadhavArora1213,2025-12-06,1,27,15,"cirrect"
7c4c91b,MadhavArora1213,2025-12-06,1,26,18,"correct"
a2faa03,MadhavArora1213,2025-12-06,1,5,5,"correct"
4b2f176,MadhavArora1213,2025-12-06,1,1,1,"correct"
eb01ab4,MadhavArora1213,2025-12-06,1,0,1,"correct"
e0d0fca,MadhavArora1213,2025-12-06,1,80,0,"correct"
bb45ea0,MadhavArora1213,2025-12-06,1,18,13,"updated"
6c2e48e,MadhavArora1213,2025-12-06,1,13,19,"updated"
07f179f,MadhavArora1213,2025-12-06,1,21,93,"correct"
6782227,MadhavArora1213,2025-12-06,1,107,252,"code"
2806022,MadhavArora1213,2025-12-06,1,66,20,"updated"
0a128ac,MadhavArora1213,2025-12-06,1,5,5,"update"
f53a9ca,MadhavArora1213,2025-12-06,1,10,59,"update"
649ab39,MadhavArora1213,2025-12-06,2,10,10,"updated"
119d981,MadhavArora1213,2025-12-06,1,40,39,"updated"
1e67f21,MadhavArora1213,2025-12-06,1,2,2,"updaed"
b9c0d98,MadhavArora1213,2025-12-06,3,209,21,"updated"
e792b7f,MadhavArora1213,2025-12-06,1,18,0,"corredct"
3099800,MadhavArora1213,2025-12-06,3,131,4,"correct"
46c6e6a,MadhavArora1213,2025-12-06,2,19,39,"updated"
df695a0,MadhavArora1213,2025-12-06,1,36,18,"correct"
0e35908,MadhavArora1213,2025-12-06,1,66,49,"correct"
9c6d771,MadhavArora1213,2025-12-06,2,13,27,"publications"
bf0c2fc,MadhavArora1213,2025-12-06,1,57,60,"correct"
d0943f8,MadhavArora1213,2025-12-05,5,136,47,"correct"
0fc4f32,MadhavArora1213,2025-12-05,1,88,33,"update"
3e55b5c,MadhavArora1213,2025-12-05,1,30,30,"udpate"
39360ba,MadhavArora1213,2025-12-05,2,35,23,"code updated"
fff0db2,MadhavArora1213,2025-12-05,2,21,9,"Zxcv"
1e3279d,MadhavArora1213,2025-12-05,1,4,2,"website"
9126efd,MadhavArora1213,2025-12-05,2,3,3,"correct"
0b41728,MadhavArora1213,2025-12-05,1,193,68,"update"
d141424,MadhavArora1213,2025-12-05,2,4,11,"updated"
1c0bd41,MadhavArora1213,2025-12-05,1,13,13,"uupdate"
2ae054b,MadhavArora1213,2025-12-05,1,1,2,"correct"
5a44ecf,MadhavArora1213,2025-12-05,1,25,32,"correct"
06186c0,MadhavArora1213,2025-12-05,1,36,3,"correct"
4e8d134,MadhavArora1213,2025-12-05,1,10,5,"update"
bf0f4b5,MadhavArora1213,2025-12-05,1,59,3,"udpate"
6f3cd9d,MadhavArora1213,2025-12-05,1,70,45,"updated"
b23b2e2,MadhavArora1213,2025-12-05,1,24,6,"updated"
d5d5ac9,MadhavArora1213,2025-12-05,1,2,2,"update"
a8ef7db,MadhavArora1213,2025-12-05,1,26,1,"vg"
9a3cda8,MadhavArora1213,2025-12-05,2,54,16,"update"
fb6a587,MadhavArora1213,2025-12-05,2,30,3,"update"
6130bd5,MadhavArora1213,2025-12-05,2,3,3,"correct"
10d02fa,MadhavArora1213,2025-12-05,6,748,66,"correct"
1e91aee,MadhavArora1213,2025-12-05,1,3,5,"update"
2aa50a9,MadhavArora1213,2025-12-05,2,15,7,"correct"
0e10688,MadhavArora1213,2025-12-05,5,144,21,"updated"
95ac70b,MadhavArora1213,2025-12-05,1,25,4,"update"
e4859af,MadhavArora1213,2025-12-05,2,27,11,"updated"
4a98b89,MadhavArora1213,2025-12-05,1,19,1,"updated"
d8886f1,MadhavArora1213,2025-12-05,1,184,6,"updated"
807f2fe,MadhavArora1213,2025-12-05,1,16,58,"update"
36c9886,MadhavArora1213,2025-12-05,1,15,3,"correct"
76c02d2,MadhavArora1213,2025-12-05,1,52,19,"update"
e718105,MadhavArora1213,2025-12-05,1,8,0,"update"
40bfc24,MadhavArora1213,2025-12-05,1,25,21,"correct"
ddb9f18,MadhavArora1213,2025-12-05,1,1,0,"correct"
c002f20,MadhavArora1213,2025-12-05,3,300,3,"update"
62cd413,MadhavArora1213,2025-12-05,8,8,8,"correct"
93e1e13,MadhavArora1213,2025-12-05,2,206,91,"correct"
643f1ef,MadhavArora1213,2025-12-05,1,1,1,"update"
f8150e1,MadhavArora1213,2025-12-05,2,14,1,"correct"
a27d575,MadhavArora1213,2025-12-05,2,112,36,"correct"
058b437,MadhavArora1213,2025-12-05,1,2,2,"correct"
2c55a9d,MadhavArora1213,2025-12-05,3,64,52,"correct"
05b8265,MadhavArora1213,2025-12-05,2,13,21,"correct"
dc381b8,MadhavArora1213,2025-12-05,3,83,86,"done"
c785f64,MadhavArora1213,2025-12-05,3,139,70,"updated"
8618a52,MadhavArora1213,2025-12-05,2,32,44,"updated"
db437ff,MadhavArora1213,2025-12-05,4,67,5,"correct"
ec8a21e,MadhavArora1213,2025-12-05,1,73,141,"correct"
e14c479,MadhavArora1213,2025-12-05,1,5,5,"update"
c9655c5,MadhavArora1213,2025-12-05,1,27,6,"update"
a3eaf97,MadhavArora1213,2025-12-05,2,2,2,"correctr"
95c4f59,MadhavArora1213,2025-12-05,3,7,12,"updated"
9164cbe,MadhavArora1213,2025-12-05,1,102,0,"updated"
a144f6d,MadhavArora1213,2025-12-05,5,35,5,"update"
3da59e7,MadhavArora1213,2025-12-05,1,155,7,"updated"
baaba42,MadhavArora1213,2025-12-05,1,5,5,"updated"
71fcf97,MadhavArora1213,2025-12-05,1,10,3,"userheader"
c975f29,MadhavArora1213,2025-12-05,3,127,2,"update"
711f326,MadhavArora1213,2025-12-05,1,160,31,"update email"
d237c4a,MadhavArora1213,2025-12-05,1,571,560,"correct"
dcaf0c0,MadhavArora1213,2025-12-05,1,12,0,"sidebar"
6b87696,MadhavArora1213,2025-12-05,2,164,47,"correct"
75b6f32,MadhavArora1213,2025-12-05,7,1231,4,"update"
54925db,MadhavArora1213,2025-12-05,1,3,6,"radio"
03ff165,MadhavArora1213,2025-12-05,1,2,25,"corret"
3b0c505,MadhavArora1213,2025-12-05,2,8,26,"correct"
90ff014,MadhavArora1213,2025-12-05,1,15,0,"added"
ad64ccf,MadhavArora1213,2025-12-05,1,2,8,"correct"
e2b83b3,MadhavArora1213,2025-12-05,1,6,6,"correct"
480f5e9,MadhavArora1213,2025-12-04,4,295,65,"correcr"
40cd60f,MadhavArora1213,2025-12-04,2,50,5,"correct"
bb97453,MadhavArora1213,2025-12-04,2,60,1,"correct"
77f2998,MadhavArora1213,2025-12-04,2,48,97,"update"
24bfb62,MadhavArora1213,2025-12-04,1,21,1,"correct"
f75403d,MadhavArora1213,2025-12-04,2,41,13,"correct"
fb07e25,MadhavArora1213,2025-12-04,1,1,1,"correct"
ddb786f,MadhavArora1213,2025-12-04,9,1235,2,"add the nomination form"
7c020dc,MadhavArora1213,2025-12-04,2,45,2,"correct"
bab29c2,MadhavArora1213,2025-12-04,1,6,2,"powerlist"
c25b060,MadhavArora1213,2025-12-04,1,9,0,"correct"
bb76b36,MadhavArora1213,2025-12-04,1,20,13,"update"
0fc6c2b,MadhavArora1213,2025-12-04,1,1,49,"powerlist change"
80a718f,MadhavArora1213,2025-12-04,1,14,10,"correct"
f30ad16,MadhavArora1213,2025-12-04,1,0,51,"updated"
5c318fc,MadhavArora1213,2025-12-04,1,42,32,"correct form"
d3921e8,MadhavArora1213,2025-12-04,1,16,26,"correct"
a4facc6,MadhavArora1213,2025-12-04,2,525,246,"correct real estate"
6dc8a04,MadhavArora1213,2025-12-04,2,35,8,"awards ui updated"
63cf069,MadhavArora1213,2025-12-04,2,383,0,"updated"
9d684f7,MadhavArora1213,2025-12-04,2,645,422,"change ui"
712fa3f,MadhavArora1213,2025-12-04,2,12,0,"correct"
da132ca,MadhavArora1213,2025-12-03,1,0,4,"correct"
5ccdba2,MadhavArora1213,2025-12-03,2,10,22,"correct"
517b44c,MadhavArora1213,2025-12-03,2,36,46,"update"
c165580,MadhavArora1213,2025-12-03,1,237,0,"update"
9122d1d,MadhavArora1213,2025-12-03,2,23,23,"correct"
88fc527,MadhavArora1213,2025-12-03,1,5,0,"correct"
f60e18b,MadhavArora1213,2025-12-03,1,4,0,"ok"
a11c1cf,MadhavArora1213,2025-12-03,5,223,61,"correct the ui of awards"
0f613d5,MadhavArora1213,2025-12-03,1,2,2,"correct"
d91040f,MadhavArora1213,2025-12-03,2,161,2,"correct"
cbafc7c,MadhavArora1213,2025-12-03,2,161,2,"correct"
64e7cab,MadhavArora1213,2025-12-03,1,23,31,"correct"
f652986,MadhavArora1213,2025-12-03,1,23,1,"corret"
ee7ea09,MadhavArora1213,2025-12-03,4,22,2,"correct"
7a00e27,MadhavArora1213,2025-12-03,1,15,0,"correct"
2161d7a,MadhavArora1213,2025-12-03,1,1,2,"corret"
30fa149,MadhavArora1213,2025-12-03,13,2886,28,"updated"
cd3e41b,MadhavArora1213,2025-12-03,2,12,13,"correct"
ee16809,MadhavArora1213,2025-12-03,1,1,1,"correct"
428df31,MadhavArora1213,2025-12-03,5,275,221,"update the ui"
b51ba57,MadhavArora1213,2025-12-03,2,26,0,"correct"
1c31e3f,MadhavArora1213,2025-12-03,1,28,26,"correct"
c8bb662,MadhavArora1213,2025-12-03,1,104,100,"update"
acf0719,MadhavArora1213,2025-12-03,1,117,83,"correct"
6c231e7,MadhavArora1213,2025-12-03,11,1261,6,"updated"
2b9a0a7,MadhavArora1213,2025-12-03,2,28,1,"correct"
bdff901,MadhavArora1213,2025-12-03,1,9,15,"correct"
a0cd8cd,MadhavArora1213,2025-12-03,2,18,3,"updated"
918860f,MadhavArora1213,2025-12-03,2,37,15,"added"
261ba59,MadhavArora1213,2025-12-03,2,11,2,"correct"
321e619,MadhavArora1213,2025-12-03,11,1307,23,"correct radio"
d93e7ad,MadhavArora1213,2025-12-03,1,3,28,"added"
cdca271,MadhavArora1213,2025-12-03,1,20,20,"updated"
dc7b571,MadhavArora1213,2025-12-03,4,129,189,"added"
6ef3377,MadhavArora1213,2025-12-03,1,4,0,"updarte"
8f068a4,MadhavArora1213,2025-12-03,7,1397,30,"make publication management"
07a14b0,MadhavArora1213,2025-12-03,63,4315,0,"update"
8499ea7,MadhavArora1213,2025-12-03,1,234,145,"UPDATE"
590e8c4,MadhavArora1213,2025-12-03,2,77,80,"update the ui"
58afd4e,MadhavArora1213,2025-12-03,2,63,0,"correct"
60b0ff5,MadhavArora1213,2025-12-03,2,421,372,"correct ui"
fc63edd,MadhavArora1213,2025-12-03,2,87,72,"added"
5cfcb9b,MadhavArora1213,2025-12-03,1,51,4,"correct"
e25b535,MadhavArora1213,2025-12-03,1,500,637,"correct"
a71cae2,MadhavArora1213,2025-12-03,1,232,13,"correct"
f6cdc48,MadhavArora1213,2025-12-03,1,11,167,"correct"
73e89db,MadhavArora1213,2025-12-03,5,169,3,"correct"
b1d12bf,MadhavArora1213,2025-12-03,9,45,45,"home page updated"
8a093a2,MadhavArora1213,2025-12-03,8,2366,6,"correct powerlist"
f9d7c9f,MadhavArora1213,2025-12-02,9,19,19,"done"
9ce1e96,MadhavArora1213,2025-12-02,1,15,0,"faq updated"
436b662,MadhavArora1213,2025-12-02,8,8,40,"correct"
f2e06a1,MadhavArora1213,2025-12-02,8,112,80,"update"
c5bb76b,MadhavArora1213,2025-12-02,9,181,82,"update all pages"
19ceb8f,MadhavArora1213,2025-12-02,1,2,14,"app.jsx correct"
729c4a1,MadhavArora1213,2025-12-02,12,575,6,"update the home page"
13c721e,MadhavArora1213,2025-12-02,1,2,2,"correct about.jsx"
978d834,MadhavArora1213,2025-12-02,4,7,11,"updateall home pge section"
269cdde,MadhavArora1213,2025-12-02,1,1,16,"correct slider"
f247805,MadhavArora1213,2025-12-02,1,1,2,"feature slider"
f594494,MadhavArora1213,2025-12-02,1,2,15,"update"
2419359,MadhavArora1213,2025-12-02,1,7,7,"correct"
29a1bf3,MadhavArora1213,2025-12-02,1,2,2,"popup update"
aa0b245,MadhavArora1213,2025-12-02,2,70,74,"corect"
e849810,MadhavArora1213,2025-12-02,1,70,54,"correct popup"
46516fa,MadhavArora1213,2025-12-02,1,1,1,"correct popup"
74239fd,MadhavArora1213,2025-12-02,1,3,2,"popup update"
0d3e181,MadhavArora1213,2025-12-02,1,2,1,"chnageline"
8084604,MadhavArora1213,2025-12-02,4,141,1992,"done"
ee656df,MadhavArora1213,2025-12-02,5,5,9,"correct"
5f02f38,MadhavArora1213,2025-12-02,3,3,3,"make better"
314d891,MadhavArora1213,2025-12-02,2,2,2,"correct"
cf1e88c,MadhavArora1213,2025-12-02,1,1,1,"home updated"
c129610,MadhavArora1213,2025-12-01,1,1,1,"correct"
2c29ad5,MadhavArora1213,2025-12-01,1,160,85,"correct"
39a5643,MadhavArora1213,2025-12-01,2,887,10,"correct"
6fd5b20,MadhavArora1213,2025-12-01,1,4,4,"radio.jsx update"
e532926,MadhavArora1213,2025-12-01,1,6,2,"correct"
480a6ad,MadhavArora1213,2025-12-01,1,3,0,"correct"
eeb1467,MadhavArora1213,2025-12-01,1,8,5,"correct"
414f5a8,MadhavArora1213,2025-12-01,2,713,2,"correct"
aea17e1,MadhavArora1213,2025-12-01,5,543,31,"correct agency"
0dd52ee,MadhavArora1213,2025-12-01,2,18,19,"correct"
88fb97e,MadhavArora1213,2025-12-01,6,304,61,"correct"
27648cf,MadhavArora1213,2025-12-01,2,60,9,"update articles page"
84971e4,MadhavArora1213,2025-12-01,1,6,6,"correct"
eff6667,MadhavArora1213,2025-12-01,3,201,67,"correct"
4bbd4b6,MadhavArora1213,2025-12-01,3,448,154,"corrrect order page"
b28dfdd,MadhavArora1213,2025-12-01,1,54,54,"corrected"
f8bf76b,MadhavArora1213,2025-12-01,4,662,12,"add orders delivered psge"
9ece135,MadhavArora1213,2025-12-01,1,1,12,"update"
acc2f97,MadhavArora1213,2025-12-01,1,5,5,"correct"
2dfe76f,MadhavArora1213,2025-12-01,1,112,129,"correct"
2d4e110,MadhavArora1213,2025-12-01,1,485,922,"how to guide"
74d15cc,MadhavArora1213,2025-12-01,1,49,574,"download"
e743161,MadhavArora1213,2025-12-01,3,461,165,"correct"
d57f780,MadhavArora1213,2025-12-01,1,6,7,"correct"
53a37c3,MadhavArora1213,2025-12-01,2,298,341,"correct"
268b737,MadhavArora1213,2025-12-01,1,1,1,"correct"
5c92516,MadhavArora1213,2025-12-01,1,11,0,"app"
39da0b8,MadhavArora1213,2025-12-01,1,26,42,"correct"
21f494f,MadhavArora1213,2025-12-01,2,24,73,"presss pack"
6c61d99,MadhavArora1213,2025-12-01,1,1,1,"fdgh"
6e22104,MadhavArora1213,2025-12-01,1,1,1,"correct"
9631b13,MadhavArora1213,2025-12-01,9,2658,254,"updated"
d732dd0,MadhavArora1213,2025-12-01,1,70,20,"radio"
a21aecc,MadhavArora1213,2025-12-01,1,44,155,"radio"
64e6011,MadhavArora1213,2025-12-01,1,1,1,"correct"
725b752,MadhavArora1213,2025-12-01,1,2,2,"event page"
c3054b4,MadhavArora1213,2025-12-01,2,72,54,"correct themepage"
0ef4807,MadhavArora1213,2025-12-01,4,103,31,"correc"
a19d87c,MadhavArora1213,2025-12-01,3,33,225,"correct"
e69d963,MadhavArora1213,2025-12-01,1,4,5,"theme"
b252d3c,MadhavArora1213,2025-12-01,1,1,1,"theme"
5e126de,MadhavArora1213,2025-12-01,10,2063,175,"correct theme page"
551bcad,MadhavArora1213,2025-12-01,1,1,1,"correct"
bddd650,MadhavArora1213,2025-12-01,1,802,251,"real esyate"
d04353f,MadhavArora1213,2025-12-01,1,531,257,"correct"
736b79d,MadhavArora1213,2025-12-01,1,180,55,"correct"
70c7375,MadhavArora1213,2025-12-01,1,50,18,"podcasters"
c7aa426,MadhavArora1213,2025-12-01,2,239,42,"update"
6cd93f6,MadhavArora1213,2025-12-01,2,149,16,"correct code"
65ba59b,MadhavArora1213,2025-12-01,2,42,55,"correct"
48f93e5,MadhavArora1213,2025-12-01,1,0,24,"sidebar"
f6567d9,MadhavArora1213,2025-12-01,3,576,217,"correcct"
ec1ebe4,MadhavArora1213,2025-12-01,1,7,1,"correct"
08bd545,MadhavArora1213,2025-12-01,3,79,17,"correct"
7495683,MadhavArora1213,2025-12-01,1,191,636,"correct"
1f6f5c1,MadhavArora1213,2025-12-01,6,91,168,"correct orders"
63bc160,MadhavArora1213,2025-11-30,3,149,141,"correct"
c600b49,MadhavArora1213,2025-11-30,11,1151,22,"correct"
92be03b,MadhavArora1213,2025-11-30,4,231,157,"correct"
2058cf2,MadhavArora1213,2025-11-30,4,410,98,"correct"
d4c28d2,MadhavArora1213,2025-11-30,1,49,109,"powerlist"
f55761d,MadhavArora1213,2025-11-30,7,1300,492,"code updated"
e501fd1,MadhavArora1213,2025-11-30,3,792,407,"update"
19cc805,MadhavArora1213,2025-11-30,1,47,5,"update"
52496dc,MadhavArora1213,2025-11-30,1,247,223,"publication"
15ca5e0,MadhavArora1213,2025-11-30,1,773,325,"correct"
f0c22c7,MadhavArora1213,2025-11-30,1,1,1,"user header"
edc3613,MadhavArora1213,2025-11-30,1,0,15,"faq update"
bed19e5,MadhavArora1213,2025-11-30,1,9,6,"added"
57cd3e1,MadhavArora1213,2025-11-30,2,13,3,"correct"
a4f078f,MadhavArora1213,2025-11-30,1,116,4,"correct"
3bf9e1d,MadhavArora1213,2025-11-30,3,413,3,"added"
149d61d,MadhavArora1213,2025-11-30,1,3,3,"correct"
ccd278a,MadhavArora1213,2025-11-30,2,61,34,"correct"
eb70603,MadhavArora1213,2025-11-30,11,1544,80,"order management"
f7ed8cc,MadhavArora1213,2025-11-30,1,58,46,"publication update"
002f979,MadhavArora1213,2025-11-30,2,129,89,"correct"
1c1f274,MadhavArora1213,2025-11-30,1,18,8,"correct"
62fddce,MadhavArora1213,2025-11-30,2,317,55,"correct"
4ffc8c7,MadhavArora1213,2025-11-30,1,3,3,"header update"
f8879a1,MadhavArora1213,2025-11-30,7,64,67,"correct"
3563509,MadhavArora1213,2025-11-29,1,61,30,"correct"
50c49c8,MadhavArora1213,2025-11-29,10,439,206,"correct"
cb4bd61,MadhavArora1213,2025-11-29,2,168,81,"update"
1dd5a76,MadhavArora1213,2025-11-29,1,7,1,"correct"
4f7d07a,MadhavArora1213,2025-11-29,1,18,6,"update"
54d184c,MadhavArora1213,2025-11-29,4,222,84,"update"
ba1ea0a,MadhavArora1213,2025-11-29,1,1,1,"index.html update"
4835eb8,MadhavArora1213,2025-11-29,1,8,1,"correct"
685efba,MadhavArora1213,2025-11-29,1,7,2,"correct"
5c2abf6,MadhavArora1213,2025-11-29,1,2,1,"correct"
4d766e0,MadhavArora1213,2025-11-29,4,371,179,"update the code"
1cfb177,MadhavArora1213,2025-11-29,2,7,8,"correct the errors"
a9e0b52,MadhavArora1213,2025-11-29,2,3,3,"updated"
6f6418d,MadhavArora1213,2025-11-29,20,1360,330,"correct"
6881c7a,MadhavArora1213,2025-11-29,5,248,41,"correct"
175c0ce,MadhavArora1213,2025-11-29,3,27,2,"correct"
b0d2591,MadhavArora1213,2025-11-29,1,42,0,"correct"
146db81,MadhavArora1213,2025-11-29,1,6,6,"article update"
cb63e3b,MadhavArora1213,2025-11-29,2,88,47,"correct"
f5ceac0,MadhavArora1213,2025-11-29,1,66,32,"correct"
6283a37,MadhavArora1213,2025-11-29,2,116,56,"correct"
9096fa5,MadhavArora1213,2025-11-29,2,76,35,"correct"
799bee3,MadhavArora1213,2025-11-29,2,54,43,"correct"
80c0ee5,MadhavArora1213,2025-11-29,6,6,6,"correct"
b7b9393,MadhavArora1213,2025-11-29,22,555,216,"code updated"
ee47edc,MadhavArora1213,2025-11-29,2,43,0,"update"
7a868a6,MadhavArora1213,2025-11-29,1,1,1,"correct"
1776b68,MadhavArora1213,2025-11-29,1,3,2,"update"
4973985,MadhavArora1213,2025-11-29,2,6,29,"updated"
214140f,MadhavArora1213,2025-11-29,2,32,142,"update"
4009390,MadhavArora1213,2025-11-29,1,47,6,"corect"
21c10b6,MadhavArora1213,2025-11-29,1,58,60,"update"
e53e4f9,MadhavArora1213,2025-11-29,1,12,48,"update"
4f7d325,MadhavArora1213,2025-11-29,2,4,28,"update"
94c6c27,MadhavArora1213,2025-11-29,3,372,368,"updatecode"
920d3ba,MadhavArora1213,2025-11-29,1,11,11,"update"
a06d315,MadhavArora1213,2025-11-29,1,8,3,"agency update"
b0ef90b,MadhavArora1213,2025-11-29,1,420,38,"correct"
01bdff8,MadhavArora1213,2025-11-28,2,44,1,"correct"
408e239,MadhavArora1213,2025-11-28,1,36,27,"responsive"
a9d368e,MadhavArora1213,2025-11-28,1,144,9,"update"
5ae3e95,MadhavArora1213,2025-11-28,1,83,125,"code update"
0b07f1f,MadhavArora1213,2025-11-28,1,951,140,"update"
94ed0e8,MadhavArora1213,2025-11-28,6,1753,95,"code updated"
04d8053,MadhavArora1213,2025-11-28,3,190,126,"update"
48e6a06,MadhavArora1213,2025-11-28,3,240,146,"code update"
1342ab1,MadhavArora1213,2025-11-28,11,520,218,"update the header"
320fb2c,MadhavArora1213,2025-11-28,1,139,39,"updated"
61507e5,MadhavArora1213,2025-11-28,3,257,461,"correct"
a298700,MadhavArora1213,2025-11-28,1,2,2,"icon update"
c7b1285,MadhavArora1213,2025-11-28,4,375,135,"correct filter"
580c1ec,MadhavArora1213,2025-11-28,4,120,102,"agency correct"
747e63b,MadhavArora1213,2025-11-28,3,41,106,"updated"
8e69006,MadhavArora1213,2025-11-28,10,1514,104,"corect updated"
c91c911,MadhavArora1213,2025-11-28,2,45,123,"radio"
0b9aa54,MadhavArora1213,2025-11-28,7,134,27,"updateed"
6baf177,MadhavArora1213,2025-11-28,4,112,36,"correct"
9a58876,MadhavArora1213,2025-11-28,2,67,9,"updated"
4d7ee67,MadhavArora1213,2025-11-28,1,54,2,"update"
7f8ce24,MadhavArora1213,2025-11-28,1,3,3,"updated"
f4f16aa,MadhavArora1213,2025-11-28,1,5,0,"otptest"
a8cb8d6,MadhavArora1213,2025-11-28,2,36,43,"updted"
d47a1a1,MadhavArora1213,2025-11-28,1,2,0,"update"
38e3355,MadhavArora1213,2025-11-28,1,1,1,"update"
d43a1cd,MadhavArora1213,2025-11-28,2,402,59,"update"
2a4e144,MadhavArora1213,2025-11-28,8,1335,26,"update"
5d0788f,MadhavArora1213,2025-11-28,1,646,21,"how to guide updated"
9ccf456,MadhavArora1213,2025-11-28,1,1,27,"updated"
bf504f2,MadhavArora1213,2025-11-28,1,1,36,"correct"
2817e3b,MadhavArora1213,2025-11-28,1,3,3,"video tutorial"
de08406,MadhavArora1213,2025-11-28,1,7,7,"update"
1facc0e,MadhavArora1213,2025-11-28,1,19,14,"correct"
63bd2a9,MadhavArora1213,2025-11-28,2,346,359,"correct"
939724d,MadhavArora1213,2025-11-28,1,14,4,"update"
07b04aa,MadhavArora1213,2025-11-28,1,19,2,"update"
e3c3d1a,MadhavArora1213,2025-11-28,1,9,2,"video tutorial"
1286e6a,MadhavArora1213,2025-11-28,2,132,135,"video correct"
bb6c3c4,MadhavArora1213,2025-11-27,1,740,162,"video tutorial"
e5056f8,MadhavArora1213,2025-11-27,2,575,15,"correct"
595df8e,MadhavArora1213,2025-11-27,1,48,20,"reporter"
830af68,MadhavArora1213,2025-11-27,1,45,8,"reporter submission correct"
4b481cd,MadhavArora1213,2025-11-27,1,23,21,"header update"
c8f2b57,MadhavArora1213,2025-11-27,1,127,252,"media"
52b05ca,MadhavArora1213,2025-11-27,1,308,163,"media"
3731e18,MadhavArora1213,2025-11-27,1,71,66,"update the ui"
bf761bf,MadhavArora1213,2025-11-27,1,2,2,"app.jsx"
4d448fd,MadhavArora1213,2025-11-27,1,150,765,"update"
9943065,MadhavArora1213,2025-11-27,1,2,2,"correct top header"
aef3aa1,MadhavArora1213,2025-11-27,3,837,2,"correct"
d4feaa1,MadhavArora1213,2025-11-27,2,8,10,"update header"
f2662df,MadhavArora1213,2025-11-27,1,17,17,"correct"
0b41ff6,MadhavArora1213,2025-11-27,1,41,40,"update"
89ca413,MadhavArora1213,2025-11-27,1,5,1,"update"
d22a80d,MadhavArora1213,2025-11-27,1,22,27,"update"
f8c014d,MadhavArora1213,2025-11-27,1,1,1,"update"
f9b501e,MadhavArora1213,2025-11-27,2,57,118,"email update"
cf4e28e,MadhavArora1213,2025-11-27,1,110,111,"sidebar updated"
b9e2d88,MadhavArora1213,2025-11-27,1,22,20,"PUBLICATION"
5cdc96b,MadhavArora1213,2025-11-27,1,3,3,"update teh icon"
6012070,MadhavArora1213,2025-11-27,2,1,13,"update the code"
28523b1,MadhavArora1213,2025-11-27,1,3,7,"update the code"
5f8a369,MadhavArora1213,2025-11-27,1,1,1,"api"
9eea997,MadhavArora1213,2025-11-27,4,29,6,"correct error"
c58a743,MadhavArora1213,2025-11-26,1,40,25,"workfow"
2651f1e,MadhavArora1213,2025-11-26,1,1,1,"powerlist"
764df26,MadhavArora1213,2025-11-26,1,2,2,"app"
217c804,MadhavArora1213,2025-11-26,1,2,2,"update the app.jsx"
a043c7c,MadhavArora1213,2025-11-26,4,4,4,"push"
2052426,MadhavArora1213,2025-11-26,32,1169,435,"updated"
cea6a15,MadhavArora1213,2025-11-25,11,856,216,"updated"
7ab58ec,MadhavArora1213,2025-11-24,94,11946,1462,"sdfg"
bd7b8f2,MadhavArora1213,2025-11-20,6,468,238,"correct"
05bcb0e,MadhavArora1213,2025-11-19,36,7776,19,"update the code"
5686286,MadhavArora1213,2025-11-18,20,4321,85,"ai articles"
8b4f4de,MadhavArora1213,2025-11-17,66,8561,203,"update article"
0515d3c,MadhavArora1213,2025-11-17,10,839,173,"added"
a741066,MadhavArora1213,2025-11-16,9,308,103,"correct"
e4333ac,MadhavArora1213,2025-11-16,1,23,11,"top header"
e22c39e,MadhavArora1213,2025-11-16,5,192,81,"update ui"
9f2494c,MadhavArora1213,2025-11-15,51,6648,43,"done with all dynamic pages"
7cf06eb,MadhavArora1213,2025-11-14,71,23012,32,"add the files"
4605361,MadhavArora1213,2025-11-12,160,15382,7,"update all pages"
c54406b,MadhavArora1213,2025-11-12,20,6419,0,"update the radio and paparazzi page"
3338405,MadhavArora1213,2025-11-11,32,12310,324,"awards and powerlist correctly added"
1f8fd02,MadhavArora1213,2025-11-11,6,329,53,"correct code all"
5e4bd49,MadhavArora1213,2025-11-11,7,157,269,"updated"
eafb776,MadhavArora1213,2025-11-11,17,1885,319,"updated"
0af5456,MadhavArora1213,2025-11-10,57,18683,45,"update teh code"
ea94add,MadhavArora1213,2025-11-09,8,2572,11,"update the another 6 pages design"
cf5ce5e,MadhavArora1213,2025-11-09,3,593,354,"update the ui of the header and the slider and auth modal"
05f298b,MadhavArora1213,2025-11-09,7,661,3,"made two more pages"
ec5d793,MadhavArora1213,2025-11-08,12,1995,601,"correct all the pages"
74423b5,MadhavArora1213,2025-11-08,29,4936,239,"update teh contact pae and homepage"
5542a02,MadhavArora1213,2025-11-08,4,366,132,"Make a About us page"
72a8bca,MadhavArora1213,2025-11-08,1,48,42,"Feature slider"
6870f3f,MadhavArora1213,2025-11-08,6,890,298,"done chanes"
2e3c2b6,MadhavArora1213,2025-11-07,5,489,211,"made more headers"
c4fd17b,MadhavArora1213,2025-11-07,10,1315,67,"add all headers"
47d3d98,MadhavArora1213,2025-11-05,7,247,0,"correct the code"
4cf128d,MadhavArora1213,2025-11-01,15,1161,461,"both login correct properly"
601c36c,MadhavArora1213,2025-11-01,17,2365,16,"make a admin login"
9e7818b,MadhavArora1213,2025-11-01,3,78,33,"correct"
5bdaca3,MadhavArora1213,2025-11-01,1,11,0,"correct"
cab9413,MadhavArora1213,2025-11-01,1,1,1,"correct ports"
cbba02d,MadhavArora1213,2025-11-01,47,14477,0,"add all initials files and setup login signup"
6863815,Madhav Arora,2025-11-01,1,0,0,"first commit"
